{
  "info": {
    "description": "Landing Zone Detection Dataset",
    "version": "1.0",
    "year": 2025,
    "contributor": "CS4824",
    "date_created": "2025-11-27"
  },
  "licenses": [],
  "images": [
    {
      "id": 0,
      "file_name": "0043.png",
      "width": 640,
      "height": 640
    },
    {
      "id": 1,
      "file_name": "0042.png",
      "width": 640,
      "height": 640
    },
    {
      "id": 2,
      "file_name": "0092.png",
      "width": 640,
      "height": 640
    },
    {
      "id": 3,
      "file_name": "0010.png",
      "width": 640,
      "height": 640
    },
    {
      "id": 4,
      "file_name": "0066.png",
      "width": 640,
      "height": 640
    },
    {
      "id": 5,
      "file_name": "0051.png",
      "width": 640,
      "height": 640
    },
    {
      "id": 6,
      "file_name": "0002.png",
      "width": 640,
      "height": 640
    },
    {
      "id": 7,
      "file_name": "0071.png",
      "width": 640,
      "height": 640
    },
    {
      "id": 8,
      "file_name": "0016.png",
      "width": 640,
      "height": 640
    },
    {
      "id": 9,
      "file_name": "0079.png",
      "width": 640,
      "height": 640
    },
    {
      "id": 10,
      "file_name": "0074.png",
      "width": 640,
      "height": 640
    },
    {
      "id": 11,
      "file_name": "0011.png",
      "width": 640,
      "height": 640
    },
    {
      "id": 12,
      "file_name": "0056.png",
      "width": 640,
      "height": 640
    },
    {
      "id": 13,
      "file_name": "0057.png",
      "width": 640,
      "height": 640
    },
    {
      "id": 14,
      "file_name": "0073.png",
      "width": 640,
      "height": 640
    },
    {
      "id": 15,
      "file_name": "0046.png",
      "width": 640,
      "height": 640
    },
    {
      "id": 16,
      "file_name": "0049.png",
      "width": 640,
      "height": 640
    },
    {
      "id": 17,
      "file_name": "0093.png",
      "width": 640,
      "height": 640
    },
    {
      "id": 18,
      "file_name": "0077.png",
      "width": 640,
      "height": 640
    },
    {
      "id": 19,
      "file_name": "0038.png",
      "width": 640,
      "height": 640
    },
    {
      "id": 20,
      "file_name": "0031.png",
      "width": 640,
      "height": 640
    },
    {
      "id": 21,
      "file_name": "0022.png",
      "width": 640,
      "height": 640
    },
    {
      "id": 22,
      "file_name": "0033.png",
      "width": 640,
      "height": 640
    },
    {
      "id": 23,
      "file_name": "0097.png",
      "width": 640,
      "height": 640
    },
    {
      "id": 24,
      "file_name": "0081.png",
      "width": 640,
      "height": 640
    },
    {
      "id": 25,
      "file_name": "0050.png",
      "width": 640,
      "height": 640
    },
    {
      "id": 26,
      "file_name": "0084.png",
      "width": 640,
      "height": 640
    },
    {
      "id": 27,
      "file_name": "0027.png",
      "width": 640,
      "height": 640
    },
    {
      "id": 28,
      "file_name": "0088.png",
      "width": 640,
      "height": 640
    },
    {
      "id": 29,
      "file_name": "0034.png",
      "width": 640,
      "height": 640
    },
    {
      "id": 30,
      "file_name": "0009.png",
      "width": 640,
      "height": 640
    },
    {
      "id": 31,
      "file_name": "0048.png",
      "width": 640,
      "height": 640
    },
    {
      "id": 32,
      "file_name": "0060.png",
      "width": 640,
      "height": 640
    },
    {
      "id": 33,
      "file_name": "0064.png",
      "width": 640,
      "height": 640
    },
    {
      "id": 34,
      "file_name": "0075.png",
      "width": 640,
      "height": 640
    },
    {
      "id": 35,
      "file_name": "0045.png",
      "width": 640,
      "height": 640
    },
    {
      "id": 36,
      "file_name": "0099.png",
      "width": 640,
      "height": 640
    },
    {
      "id": 37,
      "file_name": "0053.png",
      "width": 640,
      "height": 640
    },
    {
      "id": 38,
      "file_name": "0086.png",
      "width": 640,
      "height": 640
    },
    {
      "id": 39,
      "file_name": "0013.png",
      "width": 640,
      "height": 640
    },
    {
      "id": 40,
      "file_name": "0037.png",
      "width": 640,
      "height": 640
    },
    {
      "id": 41,
      "file_name": "0024.png",
      "width": 640,
      "height": 640
    },
    {
      "id": 42,
      "file_name": "0040.png",
      "width": 640,
      "height": 640
    },
    {
      "id": 43,
      "file_name": "0041.png",
      "width": 640,
      "height": 640
    },
    {
      "id": 44,
      "file_name": "0019.png",
      "width": 640,
      "height": 640
    },
    {
      "id": 45,
      "file_name": "0067.png",
      "width": 640,
      "height": 640
    },
    {
      "id": 46,
      "file_name": "0062.png",
      "width": 640,
      "height": 640
    },
    {
      "id": 47,
      "file_name": "0061.png",
      "width": 640,
      "height": 640
    },
    {
      "id": 48,
      "file_name": "0008.png",
      "width": 640,
      "height": 640
    },
    {
      "id": 49,
      "file_name": "0035.png",
      "width": 640,
      "height": 640
    },
    {
      "id": 50,
      "file_name": "0100.png",
      "width": 640,
      "height": 640
    },
    {
      "id": 51,
      "file_name": "0047.png",
      "width": 640,
      "height": 640
    },
    {
      "id": 52,
      "file_name": "0003.png",
      "width": 640,
      "height": 640
    },
    {
      "id": 53,
      "file_name": "0052.png",
      "width": 640,
      "height": 640
    },
    {
      "id": 54,
      "file_name": "0017.png",
      "width": 640,
      "height": 640
    },
    {
      "id": 55,
      "file_name": "0039.png",
      "width": 640,
      "height": 640
    },
    {
      "id": 56,
      "file_name": "0059.png",
      "width": 640,
      "height": 640
    },
    {
      "id": 57,
      "file_name": "0069.png",
      "width": 640,
      "height": 640
    },
    {
      "id": 58,
      "file_name": "0023.png",
      "width": 640,
      "height": 640
    },
    {
      "id": 59,
      "file_name": "0063.png",
      "width": 640,
      "height": 640
    },
    {
      "id": 60,
      "file_name": "0025.png",
      "width": 640,
      "height": 640
    },
    {
      "id": 61,
      "file_name": "0006.png",
      "width": 640,
      "height": 640
    },
    {
      "id": 62,
      "file_name": "0007.png",
      "width": 640,
      "height": 640
    },
    {
      "id": 63,
      "file_name": "0068.png",
      "width": 640,
      "height": 640
    },
    {
      "id": 64,
      "file_name": "0083.png",
      "width": 640,
      "height": 640
    },
    {
      "id": 65,
      "file_name": "0020.png",
      "width": 640,
      "height": 640
    },
    {
      "id": 66,
      "file_name": "0080.png",
      "width": 640,
      "height": 640
    },
    {
      "id": 67,
      "file_name": "0044.png",
      "width": 640,
      "height": 640
    },
    {
      "id": 68,
      "file_name": "0091.png",
      "width": 640,
      "height": 640
    },
    {
      "id": 69,
      "file_name": "0021.png",
      "width": 640,
      "height": 640
    }
  ],
  "annotations": [
    {
      "id": 0,
      "image_id": 0,
      "category_id": 0,
      "bbox": [
        0.0,
        99.0,
        244.0,
        14.0
      ],
      "area": 3416.0,
      "iscrowd": 0
    },
    {
      "id": 1,
      "image_id": 1,
      "category_id": 0,
      "bbox": [
        0.0,
        86.99968000000001,
        251.00032,
        28.0
      ],
      "area": 7028.008959999999,
      "iscrowd": 0
    },
    {
      "id": 2,
      "image_id": 2,
      "category_id": 0,
      "bbox": [
        409.0,
        184.99999999999997,
        178.99968,
        50.99968
      ],
      "area": 9128.9264001024,
      "iscrowd": 0
    },
    {
      "id": 3,
      "image_id": 3,
      "category_id": 0,
      "bbox": [
        0.00032000000001630724,
        156.0,
        470.0,
        184.99967999999998
      ],
      "area": 86949.84959999999,
      "iscrowd": 0
    },
    {
      "id": 4,
      "image_id": 4,
      "category_id": 0,
      "bbox": [
        341.0,
        137.00032000000002,
        298.99968,
        112.0
      ],
      "area": 33487.96416,
      "iscrowd": 0
    },
    {
      "id": 5,
      "image_id": 5,
      "category_id": 0,
      "bbox": [
        0.00031999999998788553,
        145.00032,
        382.0,
        72.0
      ],
      "area": 27504.0,
      "iscrowd": 0
    },
    {
      "id": 6,
      "image_id": 6,
      "category_id": 0,
      "bbox": [
        431.00032000000004,
        117.99968000000001,
        208.99968,
        58.0
      ],
      "area": 12121.981440000001,
      "iscrowd": 0
    },
    {
      "id": 7,
      "image_id": 7,
      "category_id": 0,
      "bbox": [
        380.0,
        139.99968,
        260.0,
        69.00032
      ],
      "area": 17940.0832,
      "iscrowd": 0
    },
    {
      "id": 8,
      "image_id": 8,
      "category_id": 0,
      "bbox": [
        377.99968,
        130.0,
        262.0,
        64.0
      ],
      "area": 16768.0,
      "iscrowd": 0
    },
    {
      "id": 9,
      "image_id": 9,
      "category_id": 0,
      "bbox": [
        87.00032000000002,
        201.00000000000003,
        304.99968,
        57.00032
      ],
      "area": 17385.0793598976,
      "iscrowd": 0
    },
    {
      "id": 10,
      "image_id": 10,
      "category_id": 0,
      "bbox": [
        0.00031999999998788553,
        176.99968,
        278.0,
        59.00032
      ],
      "area": 16402.08896,
      "iscrowd": 0
    },
    {
      "id": 11,
      "image_id": 11,
      "category_id": 0,
      "bbox": [
        0.0,
        145.0,
        392.0,
        181.00032
      ],
      "area": 70952.12543999999,
      "iscrowd": 0
    },
    {
      "id": 12,
      "image_id": 12,
      "category_id": 0,
      "bbox": [
        133.0,
        186.0,
        318.0,
        48.0
      ],
      "area": 15264.0,
      "iscrowd": 0
    },
    {
      "id": 13,
      "image_id": 13,
      "category_id": 0,
      "bbox": [
        136.00032,
        186.00032,
        334.0,
        70.99968
      ],
      "area": 23713.89312,
      "iscrowd": 0
    },
    {
      "id": 14,
      "image_id": 14,
      "category_id": 0,
      "bbox": [
        -0.0003200000000020964,
        167.00032000000002,
        253.00032000000002,
        72.0
      ],
      "area": 18216.02304,
      "iscrowd": 0
    },
    {
      "id": 15,
      "image_id": 15,
      "category_id": 0,
      "bbox": [
        0.0003200000000020964,
        112.99968000000001,
        226.99967999999998,
        68.0
      ],
      "area": 15435.978239999999,
      "iscrowd": 0
    },
    {
      "id": 16,
      "image_id": 16,
      "category_id": 0,
      "bbox": [
        0.0,
        129.99968,
        288.0,
        69.00032
      ],
      "area": 19872.09216,
      "iscrowd": 0
    },
    {
      "id": 17,
      "image_id": 17,
      "category_id": 0,
      "bbox": [
        426.99968000000007,
        183.0,
        159.00032,
        42.99968
      ],
      "area": 6836.962879897599,
      "iscrowd": 0
    },
    {
      "id": 18,
      "image_id": 18,
      "category_id": 0,
      "bbox": [
        46.0,
        193.99968,
        303.00032,
        50.0
      ],
      "area": 15150.016,
      "iscrowd": 0
    },
    {
      "id": 19,
      "image_id": 23,
      "category_id": 0,
      "bbox": [
        454.99999999999994,
        182.0,
        126.99968,
        20.0
      ],
      "area": 2539.9936,
      "iscrowd": 0
    },
    {
      "id": 20,
      "image_id": 24,
      "category_id": 0,
      "bbox": [
        155.0,
        206.99968,
        310.0,
        64.0
      ],
      "area": 19840.0,
      "iscrowd": 0
    },
    {
      "id": 21,
      "image_id": 25,
      "category_id": 0,
      "bbox": [
        -0.00032000000001630724,
        137.0,
        341.00032,
        70.99968
      ],
      "area": 24210.913599897598,
      "iscrowd": 0
    },
    {
      "id": 22,
      "image_id": 26,
      "category_id": 0,
      "bbox": [
        251.0,
        209.0,
        278.99968,
        82.0
      ],
      "area": 22877.97376,
      "iscrowd": 0
    },
    {
      "id": 23,
      "image_id": 28,
      "category_id": 0,
      "bbox": [
        329.99968,
        201.99968,
        230.0,
        69.00032
      ],
      "area": 15870.0736,
      "iscrowd": 0
    },
    {
      "id": 24,
      "image_id": 30,
      "category_id": 0,
      "bbox": [
        -0.00031999999998788553,
        166.0,
        598.0,
        168.0
      ],
      "area": 100464.0,
      "iscrowd": 0
    },
    {
      "id": 25,
      "image_id": 31,
      "category_id": 0,
      "bbox": [
        0.0,
        124.0,
        228.0,
        67.00032
      ],
      "area": 15276.072960000001,
      "iscrowd": 0
    },
    {
      "id": 26,
      "image_id": 32,
      "category_id": 0,
      "bbox": [
        155.00032,
        175.00032,
        388.99968,
        116.99968
      ],
      "area": 45512.8380801024,
      "iscrowd": 0
    },
    {
      "id": 27,
      "image_id": 33,
      "category_id": 0,
      "bbox": [
        316.0,
        155.0,
        324.0,
        106.99968
      ],
      "area": 34667.89632,
      "iscrowd": 0
    },
    {
      "id": 28,
      "image_id": 34,
      "category_id": 0,
      "bbox": [
        12.999680000000012,
        184.99968,
        283.00032,
        48.0
      ],
      "area": 13584.01536,
      "iscrowd": 0
    },
    {
      "id": 29,
      "image_id": 35,
      "category_id": 0,
      "bbox": [
        0.00031999999998788553,
        106.0,
        230.0,
        52.99968
      ],
      "area": 12189.9264,
      "iscrowd": 0
    },
    {
      "id": 30,
      "image_id": 36,
      "category_id": 0,
      "bbox": [
        203.00032,
        190.0,
        140.0,
        12.0
      ],
      "area": 1680.0,
      "iscrowd": 0
    },
    {
      "id": 31,
      "image_id": 37,
      "category_id": 0,
      "bbox": [
        59.0,
        163.00032,
        370.0,
        56.0
      ],
      "area": 20720.0,
      "iscrowd": 0
    },
    {
      "id": 32,
      "image_id": 38,
      "category_id": 0,
      "bbox": [
        292.99968,
        210.0,
        252.0,
        80.0
      ],
      "area": 20160.0,
      "iscrowd": 0
    },
    {
      "id": 33,
      "image_id": 39,
      "category_id": 0,
      "bbox": [
        0.0,
        128.0,
        228.99968,
        119.00031999999999
      ],
      "area": 27251.0351998976,
      "iscrowd": 0
    },
    {
      "id": 34,
      "image_id": 42,
      "category_id": 0,
      "bbox": [
        -0.00031999999998788553,
        67.0,
        262.0,
        37.00032
      ],
      "area": 9694.083840000001,
      "iscrowd": 0
    },
    {
      "id": 35,
      "image_id": 43,
      "category_id": 0,
      "bbox": [
        0.00031999999998788553,
        78.99968000000001,
        258.0,
        35.00032
      ],
      "area": 9030.08256,
      "iscrowd": 0
    },
    {
      "id": 36,
      "image_id": 44,
      "category_id": 0,
      "bbox": [
        350.00032,
        148.99967999999998,
        290.0,
        32.0
      ],
      "area": 9280.0,
      "iscrowd": 0
    },
    {
      "id": 37,
      "image_id": 45,
      "category_id": 0,
      "bbox": [
        353.00000000000006,
        133.0,
        286.99968,
        106.99968
      ],
      "area": 30708.8739201024,
      "iscrowd": 0
    },
    {
      "id": 38,
      "image_id": 46,
      "category_id": 0,
      "bbox": [
        212.0,
        166.0,
        428.0,
        120.0
      ],
      "area": 51360.0,
      "iscrowd": 0
    },
    {
      "id": 39,
      "image_id": 47,
      "category_id": 0,
      "bbox": [
        177.00032,
        170.0,
        448.0,
        124.99968000000001
      ],
      "area": 55999.856640000005,
      "iscrowd": 0
    },
    {
      "id": 40,
      "image_id": 48,
      "category_id": 0,
      "bbox": [
        0.0,
        169.0,
        640.0,
        181.00032
      ],
      "area": 115840.20479999999,
      "iscrowd": 0
    },
    {
      "id": 41,
      "image_id": 50,
      "category_id": 0,
      "bbox": [
        199.99968,
        193.99968,
        134.0,
        10.0
      ],
      "area": 1340.0,
      "iscrowd": 0
    },
    {
      "id": 42,
      "image_id": 51,
      "category_id": 0,
      "bbox": [
        0.0003200000000020964,
        119.0,
        226.99967999999998,
        66.0
      ],
      "area": 14981.978879999999,
      "iscrowd": 0
    },
    {
      "id": 43,
      "image_id": 52,
      "category_id": 0,
      "bbox": [
        363.00032,
        129.00032,
        276.99968,
        116.99968
      ],
      "area": 32408.8739201024,
      "iscrowd": 0
    },
    {
      "id": 44,
      "image_id": 53,
      "category_id": 0,
      "bbox": [
        33.0,
        154.0,
        378.0,
        64.99968
      ],
      "area": 24569.87904,
      "iscrowd": 0
    },
    {
      "id": 45,
      "image_id": 54,
      "category_id": 0,
      "bbox": [
        368.99968,
        136.0,
        271.00032,
        64.0
      ],
      "area": 17344.02048,
      "iscrowd": 0
    },
    {
      "id": 46,
      "image_id": 56,
      "category_id": 0,
      "bbox": [
        143.0,
        179.00032,
        374.0,
        104.99968000000001
      ],
      "area": 39269.880320000004,
      "iscrowd": 0
    },
    {
      "id": 47,
      "image_id": 57,
      "category_id": 0,
      "bbox": [
        371.00032,
        132.00032,
        268.99968,
        90.99968000000001
      ],
      "area": 24478.884800102405,
      "iscrowd": 0
    },
    {
      "id": 48,
      "image_id": 59,
      "category_id": 0,
      "bbox": [
        262.00032,
        161.99967999999998,
        378.0,
        110.0
      ],
      "area": 41580.0,
      "iscrowd": 0
    },
    {
      "id": 49,
      "image_id": 61,
      "category_id": 0,
      "bbox": [
        208.0,
        168.99968,
        432.0,
        175.00032000000002
      ],
      "area": 75600.13824,
      "iscrowd": 0
    },
    {
      "id": 50,
      "image_id": 62,
      "category_id": 0,
      "bbox": [
        124.0,
        169.0,
        516.0,
        186.0
      ],
      "area": 95976.0,
      "iscrowd": 0
    },
    {
      "id": 51,
      "image_id": 63,
      "category_id": 0,
      "bbox": [
        363.00032,
        131.00032,
        276.99968,
        100.99968000000001
      ],
      "area": 27976.879040102405,
      "iscrowd": 0
    },
    {
      "id": 52,
      "image_id": 64,
      "category_id": 0,
      "bbox": [
        228.00032,
        209.0,
        286.99968,
        78.0
      ],
      "area": 22385.97504,
      "iscrowd": 0
    },
    {
      "id": 53,
      "image_id": 65,
      "category_id": 0,
      "bbox": [
        344.99967999999996,
        134.00032,
        295.00032,
        10.0
      ],
      "area": 2950.0032,
      "iscrowd": 0
    },
    {
      "id": 54,
      "image_id": 66,
      "category_id": 0,
      "bbox": [
        117.99968000000001,
        205.0,
        313.00032,
        57.00032
      ],
      "area": 17841.1184001024,
      "iscrowd": 0
    },
    {
      "id": 55,
      "image_id": 67,
      "category_id": 0,
      "bbox": [
        0.0,
        105.99968000000001,
        236.0,
        21.000320000000002
      ],
      "area": 4956.07552,
      "iscrowd": 0
    },
    {
      "id": 56,
      "image_id": 68,
      "category_id": 0,
      "bbox": [
        389.00032000000004,
        188.99967999999998,
        196.99967999999998,
        56.0
      ],
      "area": 11031.98208,
      "iscrowd": 0
    }
  ],
  "categories": [
    {
      "id": 0,
      "name": "Landing Zone",
      "supercategory": "zone"
    }
  ]
}